{"loss": [0.6598590612411499, 0.5346575975418091, 0.45207110047340393], "accuracy": [0.6205154061317444, 0.7453259229660034, 0.7948458790779114], "val_loss": [0.5769162774085999, 0.51734459400177, 0.42306891083717346], "val_accuracy": [0.7224999666213989, 0.7274999618530273, 0.8125]}