{"loss": [0.6811113953590393, 0.5954484939575195, 0.4986533224582672], "accuracy": [0.5715007781982422, 0.6983324885368347, 0.7539161443710327], "val_loss": [0.6604677438735962, 0.539868175983429, 0.4373658001422882], "val_accuracy": [0.6800000071525574, 0.7524999976158142, 0.8125]}